{"filename": "pyntcloud_plot", "camera_position": [396.0440979003906, 381.92315673828125, 23.415626525878906], "look_at": [1.3834307663691119, 4.180187517595115, -0.4694743820435865], "point_size": 3.9460289001464846, "point_opacity": 0.9, "polylines_points": [], "polylines_colors": []}